{
  "float_accuracy": 0.39849624037742615,
  "macro_f1": 0.2367196382760962,
  "model_size_kb": 158.6,
  "int8_model_size_kb": 53.5,
  "edge_inference_latency_ms": 0.6
}
